<?xml version="1.0" encoding="utf-8"?>
<android="headlock/0/android/com.dts.freefireth/files/contentcache/Compulsory/android/gameassetbundles/config/">
<Android>
	<config>
		<configuration>
			<values>
				<dword>
					<y value="0.100x"/>
					<x value="0.100x"/>
					<z value="0.100x"/>
				</dword>
				<type>
					<y value="0.4"/>
					<x value="0.4"/>
					<z value="0.4"/>
				</type>
				<dword>
					<y value="0.01"/>
					<x value="0.01"/>
					<z value="0.01"/>
				</dword>
			</values>
			<aimbot>
				<TXT_HEADSHOT value="AIMBOT 90% / LOCAL_PLAYER_BOT"/>
				<TXT_SETTING_AIM value="AIMBOT 90% / MIRA LOCAL_PLAYER_BOT"/>
				<TXT_VALUE_AIM value="AIMBOT 90% / MIRA LOCAL_PLAYER_BOT / 0.0001x"/>
				<TXT_MIRA_VALUE value="AIMBOT 90% / MIRA DWORD 90%"/>
			</aimbot>
			<constraints>
				<const value="if aimbot 90% / mira grudar value/dword = 0.90% / 0.0001x"/>
				<const value="if aimbot 90% / mira pesada value/dword = 0.90% / 0.0001x"/>
				<const value="if aimbot 90% / local_player_bot / localization aimbot 90% / direction na cabeça / working / weapon"/>
				<const value="if aimbot 90% / local_player_bot / register - com.dts.freefireth / com.dts.freefiremax"/>
			</constraints>
		</configuration>
	</config>
</Android>