<?xml version="1.0" encoding="utf-8"?>
<android="headlock/0/android/com.dts.freefireth/files/contentcache/Compulsory/android/gameassetbundles/config/">
<Android>
	<config>
		<configuration>
			<sensitivity>
				<FreeFire app="com.dts.freefireth" increase_sensitivity="240"/>
				<Select name="com.dts.freefireth" sensitivity_configuration="240"/>
				<Sensitive>
					<X value="1" enabled="true"/>
					<Y value="444" enabled="true"/>
				</Sensitive>
				<Smooth>
					<X value="240" enabled="true"/>
					<Y value="369" enabled="true"/>
					<X value="500" enabled="true"/>
				</Smooth>
			</sensitivity>
		</configuration>
	</config>
</Android>